time_s,freq_dev_hz
0.0,0.0
1.0,-0.009468954091218507
2.0,-0.009936940701036345
3.0,0.004105704993104808
4.0,0.005220771800886759
5.0,0.0028753248315105395
6.0,-0.0004766929466026859
7.0,0.00782803064756088
8.0,-0.008858654528944854
9.0,-0.022662980891337003
10.0,-0.014743404262793636
11.0,0.010992598723880143
12.0,0.004351087776024443
13.0,0.0023791662925098933
14.0,-0.002236113616291835
15.0,0.00031060585390374484
16.0,-0.014270071071824653
17.0,-0.007483346265637625
18.0,0.006220426976670801
19.0,0.006786734435957342
20.0,-0.006424009469947478
21.0,-0.00816036986446056
22.0,0.005493757934744714
23.0,0.011095560916611902
24.0,0.0034833606892137325
25.0,0.0001338124393024387
26.0,0.003789358133423626
27.0,-1.9295986082301653e-05
28.0,-0.007266189207308926
29.0,-0.0039806091250538245
30.0,-0.001489771472511503
31.0,-0.007566195886048455
32.0,-0.006935701954597917
33.0,-0.004900425197529312
34.0,-0.004713172674222221
35.0,-0.004141591675896894
36.0,-0.0077734810403695676
37.0,-0.009641141896106209
38.0,-0.011157742625913514
39.0,-0.0059718411491282986
40.0,0.005884439871333136
41.0,0.017168317336433425
42.0,0.008436524600758943
43.0,0.006367093816423974
44.0,-0.0024069473999577262
45.0,-0.016750014175943573
46.0,0.0050250718622590895
47.0,0.0060514496674990426
48.0,0.002555502374192997
49.0,-0.008822317205248176
50.0,-0.0009640735645399801
51.0,0.0009714140467886878
52.0,-0.003083437399769018
53.0,-0.005732974457801632
54.0,-0.0023651178364247905
55.0,0.0006101298142580092
56.0,-0.005310141109020616
57.0,0.0008056811415890763
58.0,-0.0067814759152518
59.0,0.005587872998753518
60.0,0.0044328118835856856
61.0,0.014383377342883641
62.0,0.0023256576265717754
63.0,0.005464253876761305
64.0,-0.010426950450406203
65.0,-0.015647629289807785
66.0,-0.013639763678219285
67.0,-0.005956918000891154
68.0,0.00936404413682812
69.0,0.0100256478374261
70.0,-0.0035577920427010135
71.0,-0.00903306908308421
72.0,-0.0021020113679925956
73.0,0.010264683896719085
74.0,-0.009141392927951575
75.0,-0.0006137273312023517
76.0,-0.0016927399460930914
77.0,-0.013166436093952072
78.0,0.003394986367752928
79.0,0.0007921204439975682
80.0,0.0015486101351402937
81.0,0.0063976868203940995
82.0,0.006258460671357824
83.0,0.012038026321090634
84.0,-0.011437767721704795
85.0,8.051710303824677e-05
86.0,0.00039740593679837843
87.0,-0.009348961219259877
88.0,-0.008268102871682448
89.0,0.005713390653983019
90.0,-0.0077978152555657765
91.0,-0.01616810650771905
92.0,-0.004456933889458448
93.0,0.018314549145088677
94.0,0.016020972270425204
95.0,0.010603187095110655
96.0,-0.002280687133928705
97.0,-0.009657420461715027
98.0,-0.006657654596067264
99.0,-0.0024572351219509514
100.0,-0.0008465163083770655
101.0,0.004479680242299722
102.0,0.0028764724213470316
103.0,0.0038638646386424114
104.0,-0.01877088033171992
105.0,-0.020146610008504595
106.0,-0.006465178147521122
107.0,-0.0021831791629711716
108.0,0.009407700962089649
109.0,0.010497118578141063
110.0,0.014009947432862546
111.0,0.00999956950425318
112.0,-0.0002284932908946935
113.0,0.0034177887704389676
114.0,0.012466186442314786
115.0,0.0030039443773910435
116.0,-0.010562014634409866
117.0,-0.004746276681537598
118.0,-0.001082724213132824
119.0,-0.010747478025341373
120.0,0.0028863334671402896
121.0,0.0027785034700889
122.0,-0.002339669764628294
123.0,-0.005849968128366356
124.0,0.005678931989181457
125.0,0.0020644456714391524
126.0,0.0006544772461980486
127.0,-0.008250803805556206
128.0,-0.005684278870465853
129.0,-0.008337330190459902
130.0,-0.013801551066998652
131.0,-0.01709152189083074
132.0,0.01090817421267154
133.0,0.031010857343427567
134.0,0.01449008505785443
135.0,-0.001380323884259127
136.0,-0.017771474213676974
137.0,-0.010297073870981777
138.0,-0.0068665523337085865
139.0,-0.0110340705745271
140.0,-0.005912732686716993
141.0,0.01816898429470193
142.0,0.017922879379002055
143.0,0.008205835347099288
144.0,-0.0054674941925170195
145.0,-0.01026473665812766
146.0,-0.007760223968409363
147.0,-0.008458761188643305
148.0,-0.007435568031168849
149.0,0.005058675977136495
150.0,0.0138050502263809
151.0,0.011146821952201513
152.0,-0.0016370750771788067
153.0,-0.006846633726331763
154.0,-0.004541231726002959
155.0,-0.016662503127669037
156.0,0.0019388370572626101
157.0,0.007052148667736624
158.0,-0.006688984824259059
159.0,0.0033424395601011625
160.0,0.0074730703091852035
161.0,0.013237372741707887
162.0,0.003708826597237369
163.0,0.0071205219885284166
164.0,-0.013273567841778355
165.0,-0.009036227517917883
166.0,0.0004442733205456406
167.0,-0.004609796491268359
168.0,0.0026967058459481663
169.0,-0.002860794477397288
170.0,0.013997990942584693
171.0,0.0036624445670474515
172.0,-0.006983752492832895
173.0,-0.0009782925418488908
174.0,0.00973960003885832
175.0,0.008278374756951479
176.0,-0.013821319067548465
177.0,-0.01338855928824323
178.0,0.002117249640196661
179.0,0.015447403181201302
180.0,0.010045020704789742
181.0,0.0018901040863372742
182.0,-0.008271878273486966
183.0,-0.0022020968387770345
184.0,0.007553389713952363
185.0,0.001593834886790546
186.0,0.0032317977037576995
187.0,-0.0014846007245750137
188.0,0.007638598496648719
189.0,0.014695999594915854
190.0,0.008465200785385818
191.0,0.0030229786875990428
192.0,-0.013901943212242251
193.0,-0.0002226845918262832
194.0,-0.017704358263959108
195.0,-0.015251355145888823
196.0,-0.00945777966787853
197.0,0.008914783702547169
198.0,0.002208857053305202
199.0,-0.0008061358038569111
200.0,-0.008140538914191975
201.0,0.002107428964936986
202.0,0.00027579460717852555
203.0,-0.005858475618938375
204.0,0.007413575975872
205.0,0.0076186870063255085
206.0,0.013198899818327448
207.0,-0.001987485584395987
208.0,-0.018690716440401545
209.0,-0.0004545296639735241
210.0,0.0073855459461347195
211.0,0.0023868142727856423
212.0,0.0027754501430177214
213.0,-0.0017924184264095366
214.0,0.0020923543781581344
215.0,0.010564629471963016
216.0,-0.0030378834755162565
217.0,-0.002307319230070437
218.0,0.0016547114421205933
219.0,-0.0007729912696730068
220.0,-0.014374960196377184
221.0,-0.005619235501175268
222.0,0.010050221143362847
223.0,0.013393720561318823
224.0,0.0018040948034281357
225.0,0.0005896700068497296
226.0,0.003405896344421677
227.0,0.0037020089611550233
228.0,0.005193477145231107
229.0,-0.003856484065729582
230.0,-0.0015562426788373607
231.0,0.009563431276040646
232.0,-0.010484045210759074
233.0,0.005397100287991563
234.0,0.008304217736228026
235.0,0.010998138610216479
236.0,-0.00056823175113907
237.0,-0.009686914513222789
238.0,-0.010442245630781777
239.0,-0.022438604606778156
240.0,-0.009243478555462925
241.0,0.008588108663913907
242.0,0.014762179680540832
243.0,-0.012321352810100716
244.0,-0.009118790719400138
245.0,-0.004584333519170869
246.0,0.0037515381807873283
247.0,0.0023608898078109064
248.0,0.017357520286993555
249.0,0.0031078367058778866
250.0,-0.00037848654462546705
251.0,-0.001714961272318849
252.0,0.002023642728308239
253.0,-0.008353472408662022
254.0,-0.004891555355928112
255.0,-0.014261757787850105
256.0,0.00938126071247325
257.0,0.011394153928514505
258.0,0.02611438763858498
259.0,0.013626746794521694
260.0,-0.006563238767831603
261.0,-0.015246696399620063
262.0,-0.009378513253679444
263.0,0.0006871784745232645
264.0,0.01507524347887923
265.0,-0.0023579411758789526
266.0,-0.002627871254341496
267.0,0.007341269894309832
268.0,0.0026470123714661398
269.0,-0.007184454777471316
270.0,-0.000295368488560932
271.0,-0.0018181330081867841
272.0,0.005420436409293572
273.0,-0.004378137986036368
274.0,0.002338318068892953
275.0,0.005786529610700697
276.0,-0.008291836968370436
277.0,-0.010183591003545267
278.0,-0.016316717862574492
279.0,-0.005215336124351211
280.0,0.012847204460757489
281.0,0.019862813936408763
282.0,-0.0043984688407627814
283.0,-0.01023378066030256
284.0,0.0036076807704565894
285.0,-0.0016111886608549675
286.0,0.004776481890185202
287.0,-0.009369316597562793
288.0,0.0005606617308018258
289.0,-0.005383093116648752
290.0,-0.00505018762949172
291.0,-0.008782499854331771
292.0,0.009381390681402202
293.0,0.01053617925474093
294.0,0.015261639815418171
295.0,0.0035204025870694267
296.0,-0.007708054379880203
297.0,-0.018717423083765006
298.0,-0.00823040645152373
299.0,-0.0025421235367417694
300.0,0.008120862237976922
301.0,0.008430815829489902
302.0,0.014836641504687442
303.0,0.00515225785871376
304.0,-0.003184359854062624
305.0,-0.0008845156372871976
306.0,-0.0021780041366636915
307.0,0.004549788750298767
308.0,0.008061665584091493
309.0,-0.007606612077941666
310.0,0.001096110779128523
311.0,0.0026391020035720913
312.0,0.01594916827242443
313.0,0.0006114458047346005
314.0,-0.010895646521547064
315.0,0.0003407520204801173
316.0,-0.008606477866925921
317.0,0.013822373166756385
318.0,0.0016711269234148673
319.0,-0.0015768929740711535
320.0,-0.0031416220618574187
321.0,-0.002354530377175479
322.0,-0.0015917221716210683
323.0,-0.007581420024764807
324.0,0.004679288402660298
325.0,0.006056685108672966
326.0,0.007040399475677361
327.0,0.013058626645290339
328.0,0.0023119418880268583
329.0,0.00021953697730392463
330.0,0.008686444213070743
331.0,0.007797956879498358
332.0,0.004863160280983436
333.0,-0.015053235812503285
334.0,-0.008547482358021163
335.0,-0.010808499489070034
336.0,0.010659403737864892
337.0,0.005077304873055688
338.0,-0.007747783374574269
339.0,0.00037818548201062896
340.0,-0.006755970369443087
341.0,-0.00453725002073746
342.0,0.012109502901358482
343.0,0.007152864744894849
344.0,0.0017826141043419952
345.0,0.005538019941111472
346.0,0.012480633150637743
347.0,0.0005313589113775663
348.0,0.0005738381022624139
349.0,-0.015785802272676452
350.0,-0.0013952631161640028
351.0,0.015629953993974155
352.0,0.01168270335975663
353.0,0.0059085824410631815
354.0,-0.01568695495857586
355.0,0.0035727348521374935
356.0,0.003920955807541482
357.0,0.008530024705204475
358.0,-0.005420808086922246
359.0,0.0022607556507381332
360.0,0.006091670404173577
361.0,0.005347021753006054
362.0,0.004479607441121303
363.0,0.002556622355367466
364.0,0.0031663267126358363
365.0,-0.00428764156081618
366.0,-0.0012346524119144497
367.0,0.002926506643219362
368.0,0.004644399394657661
369.0,0.0006570217543755419
370.0,0.005476352564279807
371.0,-0.009577197523182868
372.0,-0.010700174030446874
373.0,-0.008718614524951818
374.0,0.004719672568818112
375.0,0.02101394686268243
376.0,0.003498746728722857
377.0,0.006689307393590305
378.0,0.016207126105318714
379.0,0.0014676838552496463
380.0,-0.01794821124428081
381.0,-0.013310026941797393
382.0,-0.006302338541335217
383.0,0.002651870133911771
384.0,0.011635376259251373
385.0,0.007895569414579917
386.0,0.0012055743853744971
387.0,0.0015833242599283537
388.0,-0.009862541370346811
389.0,-0.005760326665300575
390.0,0.02180500133722063
391.0,0.004944108550177795
392.0,-0.0009354601172484323
393.0,-0.004577318145528864
394.0,0.008063607815067542
395.0,0.01421261481850955
396.0,0.000345931526304355
397.0,-0.001038926999177292
398.0,0.0003684634297007605
399.0,0.002494160834651815
400.0,-0.009237226217955197
401.0,-0.010169023752046868
402.0,-0.0036757414334087635
403.0,0.0032882820937762958
404.0,0.002479853196843962
405.0,0.0010818111951982345
406.0,0.008768398983134418
407.0,0.005321166835878799
408.0,-0.007867712761129297
409.0,0.0076300589594247015
410.0,0.010114970704915294
411.0,0.00972932911230906
412.0,0.016316143337054
413.0,0.005069916787991957
414.0,-0.0036543497171837025
415.0,-0.0019008412955257015
416.0,0.0019315268358877091
417.0,-0.008531401643241399
418.0,-0.0008666025102987973
419.0,0.0005849594669982139
420.0,-0.002703256441241031
421.0,0.0012921579354907564
422.0,-0.005883660532726154
423.0,0.007834707737361946
424.0,-0.0031607361466323702
425.0,0.008608220473744765
426.0,0.005014696149157061
427.0,0.010114075890732543
428.0,-0.0011291608154229138
429.0,0.005093172699548454
430.0,0.0037429721318771314
431.0,0.006327635998371051
432.0,-0.001943863387188216
433.0,0.007579870228280328
434.0,-0.0076799612306999165
435.0,0.007230756959746287
436.0,0.018834710042696656
437.0,0.00110163373514105
438.0,0.0034295762738523194
439.0,0.006077218346862701
440.0,-0.0006398624804071495
441.0,0.008161516427045434
442.0,0.004175518101612319
443.0,-0.004584486675964783
444.0,-0.011004627157822355
445.0,-0.0036448303146841
446.0,-0.0010738269606314077
447.0,0.014716397790608404
448.0,0.012572916396575984
449.0,0.0034431586091088207
450.0,0.0018388809758906888
451.0,0.010441144128106039
452.0,0.01766707586541738
453.0,0.016043257441626935
454.0,0.0007154892141958413
455.0,-0.004259831855191187
456.0,-0.00912542595943755
457.0,0.005212788756248088
458.0,0.009859323642102957
459.0,0.010259826751419787
460.0,0.00013551611442341738
461.0,-0.0014092540386512198
462.0,-0.0006697471702898916
463.0,0.010343343170080566
464.0,0.005426585918968385
465.0,0.003924066854241737
466.0,-0.006617577166712074
467.0,-0.0010136239156155469
468.0,-0.003534373720659456
469.0,0.014059750105115398
470.0,0.0074410288243331735
471.0,0.002896114321759846
472.0,-0.0008547933844949007
473.0,0.005774415004875522
474.0,-0.007459897353132572
475.0,0.0016644571779389494
476.0,0.015150769389511431
477.0,0.013032494467322131
478.0,0.009749675178354344
479.0,-0.008747906619155366
480.0,-0.005544927696112811
481.0,0.0036398259976300196
482.0,0.007417025097473662
483.0,0.0028918291903368143
484.0,-0.0009675187256497075
485.0,0.02265196761184196
486.0,0.007580419572690289
487.0,0.005036590840843402
488.0,0.01781502135189239
489.0,0.007169240477291616
490.0,-0.010866321209928032
491.0,-0.010086118817602685
492.0,-0.0038111437944921
493.0,-0.007892145183667765
494.0,0.012499136275363476
495.0,0.031385536638857126
496.0,0.008978915458639491
497.0,0.002085735076584605
498.0,0.008597486415489186
499.0,0.010740863839262538
500.0,0.0004259301308051633
501.0,0.004741982478657647
502.0,0.012801999891656202
503.0,0.005900160726497461
504.0,0.0018350657359800238
505.0,0.020204963659735675
506.0,0.013398598695988362
507.0,0.01299907564645153
508.0,0.0004662287833667733
509.0,0.011304844671964354
510.0,0.0008957875949677785
511.0,0.003525050811101771
512.0,0.0018390919204458456
513.0,-0.001436405817656361
514.0,0.012715724145482277
515.0,0.005362808016395881
516.0,0.0052217274826604765
517.0,0.005959401831252542
518.0,-0.001094608218399351
519.0,0.011318542611693516
520.0,0.012279832263546453
521.0,0.005262575898496991
522.0,0.0022017836292986814
523.0,-0.0008283032076761287
524.0,0.0029713157150723646
525.0,0.0033851948771213003
526.0,0.0036299223067493003
527.0,0.007655920841966868
528.0,0.02415215150432637
529.0,0.024328696165123453
530.0,-0.003929730910738893
531.0,-0.001752168734709958
532.0,-0.004624547263505363
533.0,0.0017160333213350754
534.0,0.0032572514711182166
535.0,0.009353133069125441
536.0,-0.010886486901731107
537.0,0.002829485436870449
538.0,0.009309066620555306
539.0,0.023901315398533463
540.0,-0.005698883984910363
541.0,-0.003685490977241024
542.0,0.0017274189509874915
543.0,-0.0012371558612156441
544.0,0.0072221601598077
545.0,0.0036732350300638927
546.0,0.00829786651655784
547.0,0.021054084167242415
548.0,0.010908300744962851
549.0,0.007438752034722995
550.0,0.0035962923120269608
551.0,0.006720142470895141
552.0,0.00013793522622762566
553.0,0.014895127906822125
554.0,0.018763261471890225
555.0,0.009610454673190105
556.0,0.007665445098430368
557.0,0.0018521267210980241
558.0,-0.009585465981414298
559.0,-0.008541159441524115
560.0,0.007767601588670736
561.0,0.014348994965578399
562.0,0.011210356302875368
563.0,0.004981645050525785
564.0,0.008197438485639807
565.0,-0.0035052641311605903
566.0,-0.00342655908009748
567.0,0.004933815006347153
568.0,0.005287505991447006
569.0,0.00627311998257607
570.0,0.018622666801517695
571.0,0.010909877382436761
572.0,0.02313672558649671
573.0,0.007107856140238233
574.0,0.0022873525209243795
575.0,0.004010639255609405
576.0,-0.00423692231010353
577.0,0.0022067807120462746
578.0,0.00868770122333995
579.0,0.009711947710471236
580.0,0.02709108709624264
581.0,0.014248043112008446
582.0,0.01652460221657215
583.0,0.015328720432186138
584.0,-0.003537731134553024
585.0,-0.006653609249256398
586.0,0.003150320923968053
587.0,0.005362149943692884
588.0,0.010700647759676052
589.0,0.006385542599964822
590.0,-0.014099610530322604
591.0,-0.007427240389952239
592.0,0.010977204645281624
593.0,0.017641910725485488
594.0,0.02073318843822669
595.0,0.022274613882617977
596.0,0.004179703402451551
597.0,0.0012850835844258057
598.0,-0.00564185826189334
599.0,0.0002259800067472284
600.0,0.009824454294147245
601.0,0.010076081447767393
602.0,0.020391559225587663
603.0,0.008017593694327196
604.0,0.017655346721348053
605.0,0.013562872127699244
606.0,-0.00397038295479657
607.0,-0.00783468447475677
608.0,0.004515970828489202
609.0,0.0074560153414005015
610.0,0.01156665661688816
611.0,0.01674803873083608
612.0,0.02027990582895267
613.0,0.01957253214391219
614.0,0.0033887196192194935
615.0,-0.0016929925174102856
616.0,-0.003982493846013124
617.0,0.011465552404579249
618.0,0.016347805172660657
619.0,0.014020582288392092
620.0,0.004568248377525563
621.0,0.007669052531795728
622.0,0.009684104529097404
623.0,-0.006987768682054085
624.0,0.00207830306850898
625.0,-0.0025701852063764186
626.0,0.0025924399776888762
627.0,0.006471268321619483
628.0,0.026971225067260463
629.0,0.01008724370813674
630.0,0.011981194881696133
631.0,0.026249128790034604
632.0,0.004847356280728299
633.0,0.005013501079100813
634.0,0.01131827092214266
635.0,0.016121996478197786
636.0,0.015812103486170237
637.0,0.008009940371924706
638.0,0.010929700541550957
639.0,-0.00600115153989611
640.0,0.007804783500366952
641.0,-0.003969480385690449
642.0,-0.0020544533408162202
643.0,0.003836171884872286
644.0,0.011008289045761899
645.0,0.016102788776994892
646.0,0.0024728334778112426
647.0,0.0018357620130160512
648.0,0.027519839159282355
649.0,0.015148300399365766
650.0,0.0008809967937306595
651.0,0.012680426842295311
652.0,0.009396906970402519
653.0,0.011985381005437112
654.0,0.020081390860542392
655.0,0.022820584295697444
656.0,0.02054078540898452
657.0,-0.0039009543510970524
658.0,0.02004795687085892
659.0,0.011615580592998498
660.0,0.0067637620785809816
661.0,0.007978410719235995
662.0,0.019757152826440638
663.0,0.011682515412845262
664.0,0.00787181818571625
665.0,-0.006488968033728781
666.0,0.007924203183735656
667.0,0.012451886460196349
668.0,0.005455340900870631
669.0,0.007918005395253225
670.0,0.011024495699900605
671.0,0.011128702328919715
672.0,0.0065377583068571
673.0,0.0061959574729941735
674.0,0.017542645445915994
675.0,0.006109656288328935
676.0,-0.0017963621406180685
677.0,0.0010054169536255486
678.0,0.0051608739745745424
679.0,0.01141823022802857
680.0,0.018274012367953674
681.0,0.018867384930985054
682.0,0.006593226718800693
683.0,1.8296021737640444e-05
684.0,-0.01104496168566671
685.0,0.0013170930416572801
686.0,0.020874914725612648
687.0,0.02263844223614253
688.0,-0.0019202877585855482
689.0,0.004664720969174141
690.0,0.010442559125292128
691.0,0.013965674512106396
692.0,0.000932846422414535
693.0,0.006235291596792258
694.0,0.017917830536124946
695.0,0.0249792106225577
696.0,0.007132739236515029
697.0,0.0013152220206658072
698.0,0.0001737450187988543
699.0,0.006372326239345583
700.0,0.011788714675162737
701.0,0.012736479355419661
702.0,0.013887673246979482
703.0,0.015878605148533786
704.0,0.011496709293195018
705.0,0.0045971023174162795
706.0,0.008954592326384514
707.0,0.004079454950365324
708.0,0.009425878362061546
709.0,0.013165777791019906
710.0,0.00864312391513522
711.0,0.009150443557470744
712.0,0.010404072129861497
713.0,0.006224804249854721
714.0,-0.0002652986041451477
715.0,-0.005047569559970544
716.0,0.006553408816385442
717.0,0.018179625153056378
718.0,0.01996211881213128
719.0,0.017519148431621723
720.0,-0.0037840969843139227
721.0,-0.011891448103320545
722.0,9.396283671136985e-05
723.0,0.007578005301374091
724.0,0.017369311743711258
725.0,0.018251186662228136
726.0,0.027462449263939703
727.0,0.01942309015740662
728.0,0.01523778128666553
729.0,0.0036974743718243275
730.0,0.003704949969085547
731.0,-0.007483730551560708
732.0,-0.00046789652766943135
733.0,0.004753478616645879
734.0,0.01317639149609473
735.0,0.004809068968807395
736.0,0.007770347423510238
737.0,0.012151458118658809
738.0,0.012415087674098046
739.0,0.016089211764307443
740.0,0.008133959663347845
741.0,0.02576478646857172
742.0,0.023396909125437126
743.0,0.011290077837928791
744.0,-0.010795448004063957
745.0,-0.004803884006761017
746.0,0.009101559660860126
747.0,0.017392708049217553
748.0,0.006609407319553284
749.0,0.009884404486344422
750.0,0.001181024925709373
751.0,0.009608280604944675
752.0,0.009177458331128818
753.0,0.012901455888627567
754.0,0.004159576275366561
755.0,0.011753993038969845
756.0,0.01304039448838612
757.0,0.01810875114736543
758.0,0.026354417655287676
759.0,0.010936779240711125
760.0,-0.011311061181225046
761.0,-0.006815951261829323
762.0,0.005219029383769502
763.0,0.014193802697728408
764.0,0.0028591623214735407
765.0,0.009497431003659962
766.0,0.0031977545492090087
767.0,0.01511023582191573
768.0,0.019563172180454558
769.0,0.018213994941991274
770.0,0.01534012201152013
771.0,0.011978771294312018
772.0,0.003067534998546506
773.0,0.007313157856385644
774.0,0.03501591831424289
775.0,0.004200292167357844
776.0,0.012671719004577753
777.0,-0.0026641018481066148
778.0,-0.0012591497041491984
779.0,-0.010219107042075404
780.0,0.0038540980618551046
781.0,0.013503629074422818
782.0,0.018726912968376475
783.0,0.0027891126153178902
784.0,0.019035357490153615
785.0,0.010009391637519904
786.0,0.009622638454174215
787.0,0.012665412008132648
788.0,0.007213337838534173
789.0,0.004446052615922902
790.0,0.00321406083842124
791.0,0.0033016316035539006
792.0,0.005928123669032281
793.0,0.008213521102597987
794.0,0.012485286175816235
795.0,0.010501077371047884
796.0,0.009610563478501533
797.0,0.012037280480514667
798.0,0.009505310685127277
799.0,0.012658918276020614
800.0,0.006570308788713675
801.0,0.0012537842137039235
802.0,0.013159369186506176
803.0,0.006720772444048784
804.0,0.0066664559523044176
805.0,0.009526664584909028
806.0,0.006904416461028795
807.0,0.0003311532414684848
808.0,0.004929236228856659
809.0,0.010326348620406378
810.0,0.01410760815523826
811.0,-0.0016515216746304517
812.0,0.009273608787871979
813.0,0.017499670267087097
814.0,0.008191571782276696
815.0,0.007826135563231418
816.0,0.008260167714864153
817.0,0.009123410438220958
818.0,-0.0057414340077421855
819.0,0.00604077898969102
820.0,0.008107637076530949
821.0,0.00831812152801259
822.0,0.009489712875043743
823.0,-0.0034444384828291597
824.0,0.007723680458311399
825.0,0.025219199449542096
826.0,0.010566862465966054
827.0,0.006027916283550816
828.0,0.006145817530955888
829.0,0.0007242986958200248
830.0,0.006062698683630963
831.0,0.006474611378677331
832.0,0.010795117805595389
833.0,0.014806055267397866
834.0,0.0072169213215245165
835.0,0.017557175511160317
836.0,-0.0014170971141802546
837.0,-0.0016411588005049715
838.0,0.019617920009538103
839.0,0.016787290441664382
840.0,0.006479830470036418
841.0,0.0008296103466598481
842.0,0.008077166649549383
843.0,0.009633046174326587
844.0,0.00785691265150934
845.0,0.009391959859761378
846.0,0.007859391995985732
847.0,-0.0026727402626769425
848.0,0.017603344426224687
849.0,0.008443863593758927
850.0,0.0026913076296075644
851.0,0.004162049518283695
852.0,0.0044383580455154
853.0,-0.004365974831765929
854.0,0.015902421303048975
855.0,0.02031415662942848
856.0,0.012925252961566436
857.0,-0.00484258070769128
858.0,-0.006068550684754648
859.0,0.011898075905407701
860.0,0.007892937296896108
861.0,0.0034817703192047134
862.0,0.0024423579033472365
863.0,0.009029052743589894
864.0,0.011325141189737487
865.0,-0.0028297190350778934
866.0,0.007564510851136852
867.0,-0.00272719725102899
868.0,0.004163867269832977
869.0,0.012696104844871492
870.0,0.024215166747656447
871.0,0.018068436265199495
872.0,0.01618657516724742
873.0,0.00483988157219617
874.0,-0.0003271217329281484
875.0,0.008788901003882188
876.0,0.007369082252806081
877.0,0.003506563139361596
878.0,0.009179426984169403
879.0,0.01156476555296937
880.0,0.006659540531974706
881.0,0.006596697801088958
882.0,0.007713727762803657
883.0,0.013341068820191815
884.0,0.013114147263766363
885.0,-0.005618077468712013
886.0,-0.012530748550327875
887.0,0.015371171162996689
888.0,0.038131878148570664
889.0,0.019491656206378494
890.0,-0.0017084340626793981
891.0,0.006463545378108115
892.0,0.001150570428065656
893.0,0.004602419690784565
894.0,0.014758806524146628
895.0,0.001692870073508601
896.0,0.007812275109913003
897.0,0.011279614818158201
898.0,0.004136455930034977
899.0,0.006202483113555424
900.0,-0.0067480054517443655
901.0,0.0071896087943912335
902.0,0.009081232030307973
903.0,0.014992736911434434
904.0,0.006290087124360966
905.0,0.013487147960589141
906.0,0.008506373771499653
907.0,0.020000957665264885
908.0,3.012724844264625e-05
909.0,4.075811770754001e-05
910.0,-0.007819678403178099
911.0,-0.006641962817803826
912.0,0.003214482174533906
913.0,0.014058493930870775
914.0,0.024176280754151236
915.0,0.01063038181137621
916.0,0.002663907430910939
917.0,0.0030286791666078727
918.0,5.576905889093098e-05
919.0,0.014400967559606848
920.0,0.02185674146024663
921.0,0.01733347391897677
922.0,0.0067063013682044925
923.0,0.004728283660897503
924.0,0.014874817268117901
925.0,0.005736017059492227
926.0,0.01207956151023204
927.0,0.015682182996177296
928.0,0.007022399618099584
929.0,0.008069674968393947
930.0,0.005277876401814652
931.0,0.00891150484961134
932.0,-0.00871377881673796
933.0,0.0031781836589805934
934.0,0.011553817238301178
935.0,0.004050870915279781
936.0,0.008863888098828987
937.0,0.004669679910778157
938.0,0.0033609565763947913
939.0,0.027324417685665736
940.0,0.00810984912997803
941.0,0.001695473788179136
942.0,0.001200113180699347
943.0,0.022008889211511118
944.0,0.021838096922945915
945.0,0.01518491380198217
946.0,0.013624224881056968
947.0,-0.0017814823418782488
948.0,-0.0018322530861669684
949.0,0.005852228168494733
950.0,0.0061262661275929275
951.0,0.0023829462134861146
952.0,0.031107244926968924
953.0,0.019073927076704855
954.0,0.012160226745776548
955.0,0.001932534843351874
956.0,0.0023983584620701492
957.0,0.0013232294536225098
958.0,0.014947989309277432
959.0,0.012613722641119374
960.0,-0.0058197005674820446
961.0,-0.008179614526870882
962.0,-0.0005365968576676039
963.0,0.018160860750597863
964.0,0.006913507574730637
965.0,0.004876218023923684
966.0,0.010309701742157173
967.0,0.025101634049646826
968.0,0.0029536817193953624
969.0,0.0060780375876312576
970.0,0.0038227545272873087
971.0,0.004132356780628399
972.0,-0.002847801914331871
973.0,0.009538988394655057
974.0,0.008202125119880499
975.0,0.0014280365069918588
976.0,0.013231742554538073
977.0,0.0062519984903941506
978.0,0.011044238257196248
979.0,0.012450696817158935
980.0,0.011089289941419445
981.0,-0.0012912035924128595
982.0,-0.004470040915409701
983.0,-0.003056997380688209
984.0,0.012856647040995206
985.0,0.021777460067942123
986.0,0.019584344792997754
987.0,0.023712606305634765
988.0,0.009436578259403028
989.0,0.00247921728774525
990.0,-0.0029825522354598455
991.0,0.01737303637536769
992.0,0.013908712753329944
993.0,0.009465228691762917
994.0,-0.00658652874653054
995.0,0.006909003397459479
996.0,0.0050266419979339005
997.0,0.003582185641901603
998.0,0.001160791819705409
999.0,-0.002063684191380144
1000.0,0.008968068179298072
1001.0,0.014225686248181546
1002.0,0.020060307409637268
1003.0,0.011188242841480012
1004.0,0.0020989028647111496
1005.0,0.012883847796230086
1006.0,0.020379585610008633
1007.0,0.008062945615998629
1008.0,-0.002790624745405701
1009.0,0.006137645278654347
1010.0,0.01352484785989816
1011.0,0.02114350405959975
1012.0,-0.008498120358479966
1013.0,0.009394433514029465
1014.0,0.006405701790082041
1015.0,0.004625375170848045
1016.0,-0.007102481431566776
1017.0,0.006780854580394902
1018.0,0.004400007896645519
1019.0,0.016729481312087735
1020.0,0.020000838891700568
1021.0,0.007591265163915395
1022.0,0.014589030612377485
1023.0,0.0003906950928911357
1024.0,-0.0074725697293343
1025.0,-0.004010237922689175
1026.0,0.010242597162117839
1027.0,0.024609484812789795
1028.0,0.005156069348157821
1029.0,-0.006721900436994499
1030.0,0.00574836040294624
1031.0,0.014169685081530936
1032.0,0.010754835835782295
1033.0,0.002534131034974685
1034.0,-0.005478630299300402
1035.0,0.012798199666761434
1036.0,0.020712949422656557
1037.0,-0.007937579959356178
1038.0,0.0009684557875377919
1039.0,0.005446749421649244
1040.0,0.012833587008151959
1041.0,0.004394004179881783
1042.0,-0.0021936821659784833
1043.0,-0.0012152418015687338
1044.0,-0.007566131289387101
1045.0,0.004298365753476752
1046.0,0.011887141351811792
1047.0,0.014578783251417704
1048.0,0.00539733919707075
1049.0,0.01000591605449852
1050.0,0.015569302626019521
1051.0,0.0036367490413669046
1052.0,0.0053641180432428825
1053.0,0.010353608415907267
1054.0,0.0037653298155948534
1055.0,0.01101777741004284
1056.0,0.009611728341587522
1057.0,0.02317125242296658
1058.0,-0.007503900125045426
1059.0,-0.0053802444422057505
1060.0,0.0024542063944954506
1061.0,0.012061144740549423
1062.0,0.02959888748512718
1063.0,0.014514667117722091
1064.0,-0.010376279829886759
1065.0,-0.010712032345536748
1066.0,-0.004507434597853521
1067.0,0.004472056281143999
1068.0,0.00334768341804903
1069.0,0.01314511661643536
1070.0,0.0008365704913870786
1071.0,0.010084894760020724
1072.0,0.014863395734092677
1073.0,0.01581593694540029
1074.0,0.01515489805629322
1075.0,0.004005472049199987
1076.0,0.010831750490307712
1077.0,0.009934958366919489
1078.0,0.0007911577765451483
1079.0,-0.0007438971658868532
1080.0,0.00148922151066877
1081.0,0.0030345963458078273
1082.0,0.012935774786990706
1083.0,0.007426705560504843
1084.0,0.0015036598763584763
1085.0,0.005293590209576315
1086.0,0.014219538644488772
1087.0,0.014595109548731777
1088.0,-0.0030643401581809115
1089.0,0.0039040219079655714
1090.0,-0.002618483645118186
1091.0,0.00850748712676097
1092.0,0.005168197350133852
1093.0,0.002483418126888459
1094.0,-0.00414357049537184
1095.0,-0.0019327495931698024
1096.0,0.0006951410688138537
1097.0,0.006579892374771745
1098.0,-1.7139722654491152e-05
1099.0,0.01898026621983462
1100.0,0.011612996340240045
1101.0,0.0016699342318027277
1102.0,0.013008973711605698
1103.0,0.0032536585021425424
1104.0,0.010202701188419816
1105.0,0.010655785869966294
1106.0,0.018389788394013173
1107.0,-0.0029515052168038736
1108.0,0.0026016416809149234
1109.0,-0.01207683734177456
1110.0,-0.0032331906124660748
1111.0,0.005269365567124318
1112.0,0.012316063912933828
1113.0,0.020103136572280356
1114.0,0.0042081868333188055
1115.0,0.008312908600029978
1116.0,0.014812545701787805
1117.0,0.022347738330208422
1118.0,0.015384445446042783
1119.0,-0.012409730118692064
1120.0,-0.018109723396739774
1121.0,-0.002037487237600555
1122.0,0.006983745642759054
1123.0,0.011036908280437352
1124.0,0.019468803532678436
1125.0,0.0005174808403385356
1126.0,-0.007739765797278864
1127.0,0.008369359525364217
1128.0,0.01092805211932557
1129.0,0.014330318497766115
1130.0,0.015149652359989219
1131.0,-0.0018826678856020962
1132.0,0.011113009791836603
1133.0,0.0023302546335868257
1134.0,-0.00048109191360667936
1135.0,0.0022238636261562306
1136.0,0.002225245551770172
1137.0,0.003617090615999352
1138.0,-0.004231062732900082
1139.0,0.01969325966272084
1140.0,0.015136766127801238
1141.0,0.0059796234403863835
1142.0,0.01909063612077322
1143.0,0.01584282745011656
1144.0,0.006233069582060047
1145.0,-0.012794156227771136
1146.0,-0.000891992827940502
1147.0,0.005685806852380182
1148.0,-0.0033622209507733203
1149.0,0.012650932487243693
1150.0,0.018034547960996683
1151.0,0.004863709387890047
1152.0,0.010703342808540128
1153.0,0.016308630770685006
1154.0,-0.00045716562856013
1155.0,-0.007636258331660262
1156.0,-0.007003786575685567
1157.0,-0.003758862071041591
1158.0,-0.004854472585347214
1159.0,0.025551303319732988
1160.0,0.01218167959021077
1161.0,0.007006803456950372
1162.0,0.006032290617365987
1163.0,-0.002700696383142187
1164.0,0.011973643448937032
1165.0,0.01653135181000298
1166.0,-0.0036199728107422224
1167.0,-0.005989908684496115
1168.0,-0.0022504725304428597
1169.0,0.009861985934689343
1170.0,0.001264158535092541
1171.0,-0.003930699883620825
1172.0,0.0034136794591344
1173.0,0.0140551608216688
1174.0,0.015618812166859897
1175.0,0.0016794766984862264
1176.0,-0.010794914040563874
1177.0,-0.00174348495745269
1178.0,0.004675396167952428
1179.0,0.011690903262580044
1180.0,0.0037878086099674135
1181.0,0.011726614426925686
1182.0,0.025472226898601846
1183.0,-0.0005572421940747141
1184.0,-0.01866455354303964
1185.0,0.00018164533408082661
1186.0,0.007522313471399755
1187.0,0.006796494275373988
1188.0,0.0029826383414954805
1189.0,-0.006409498106063616
1190.0,0.0015380643293916307
1191.0,0.012979944083437722
1192.0,0.01751066949245761
1193.0,1.4997112218750885e-06
1194.0,-0.0024978897384775323
1195.0,-0.002874608843934645
1196.0,0.01327435722182635
1197.0,-0.00213057533395844
1198.0,0.0133512687705295
1199.0,0.0020782584750200783
1200.0,0.015706273060893672
1201.0,0.010622295557083383
1202.0,-0.005518606326462283
1203.0,-0.006955433289137503
1204.0,0.005636497705721055
1205.0,0.008837175055704805
1206.0,0.005641073991431433
1207.0,0.0008305587139512127
1208.0,-0.006681198741547156
1209.0,0.007127067158814171
1210.0,0.018714737145479887
1211.0,0.0041580396762253
1212.0,0.003833440101752572
1213.0,0.0112785171395835
1214.0,0.005050295768875834
1215.0,0.0047654089702575675
1216.0,-0.0014985031639014323
1217.0,0.005467686507354408
1218.0,0.0006311416033000228
1219.0,0.012351201819358337
1220.0,0.007894471394651603
1221.0,0.004684914577559596
1222.0,-0.015280595589248769
1223.0,-0.01155013934996063
1224.0,-0.004613126330985651
1225.0,-0.0002501801987775387
1226.0,-0.014790481983268933
1227.0,0.006338175822224734
1228.0,0.0060490226817533355
1229.0,0.00917790596231427
1230.0,0.009278721482952612
1231.0,-0.005197914142986981
1232.0,0.010713222981566517
1233.0,0.01782907074622031
1234.0,0.009028182696315667
1235.0,0.004270327043909283
1236.0,3.209924159808253e-05
1237.0,-0.007972989367774908
1238.0,0.0016727266494731552
1239.0,0.007883824973107245
1240.0,0.007846393391832684
1241.0,0.0054142360821218816
1242.0,0.01772050377483403
1243.0,0.006682257516481549
1244.0,-0.0026602211698945055
1245.0,-0.01319732090093062
1246.0,0.009357831997172106
1247.0,0.01842842642794551
1248.0,0.0027380368097329466
1249.0,0.013725498221837107
1250.0,0.012227842092804586
1251.0,0.014520208242734256
1252.0,-0.009658723057732743
1253.0,-0.0039956017592079895
1254.0,-0.007303975823724773
1255.0,-0.0038649433539861278
1256.0,0.011512082918447852
1257.0,0.017331743847424086
1258.0,0.011607544482501453
1259.0,0.0033638615418496443
1260.0,-0.005338461948394269
1261.0,0.005609578407517191
1262.0,0.00583581077892692
1263.0,0.0019127657749162807
1264.0,0.008234306238597
1265.0,0.006343010689504602
1266.0,0.006835080341329736
1267.0,0.008434184851524584
1268.0,-0.0013197826901079068
1269.0,0.0028598849739847054
1270.0,0.0025098166306980474
1271.0,-0.010648532707795422
1272.0,0.004113820264826096
1273.0,-0.0001225248717950933
1274.0,0.0034322989313517738
1275.0,0.008438852902044047
1276.0,0.010038532715030968
1277.0,0.009675332380236767
1278.0,0.0027822767010299287
1279.0,0.01049298075116667
1280.0,0.014516296825197728
1281.0,0.00024212203919127262
1282.0,-0.008091533452256883
1283.0,-0.003487262892607479
1284.0,0.0038525802262912023
1285.0,-0.00015333956010277205
1286.0,-0.0033767499792469735
1287.0,-0.0002850109077945362
1288.0,0.010061998588142274
1289.0,0.012253627233054232
1290.0,0.014127574736853
1291.0,0.006281118661881635
1292.0,0.0006644575084013837
1293.0,0.013048096734480374
1294.0,-0.001600615652919135
1295.0,0.002064542076243292
1296.0,-4.159830773176054e-05
1297.0,-0.003912187403565248
1298.0,0.014906374882053264
1299.0,0.01165168882100609
1300.0,0.008261204645259035
1301.0,0.002977814900209097
1302.0,0.0030795995908583507
1303.0,-0.0055253140981470494
1304.0,-0.007746125845327079
1305.0,-0.002278506022757032
1306.0,0.0049745708779846964
1307.0,0.012786533304671721
1308.0,0.024720150367723015
1309.0,0.01820850972239274
1310.0,-0.0006275065521799128
1311.0,-0.007956156879564968
1312.0,0.002191329002001474
1313.0,0.0073481349597459555
1314.0,-0.01041968437014873
1315.0,0.004117293103336195
1316.0,-1.404867131293841e-05
1317.0,0.0022035475763404477
1318.0,0.002606518310868111
1319.0,0.0011095211510081526
1320.0,-0.006476392276579812
1321.0,-0.0014449847674335992
1322.0,0.0005765303262261767
1323.0,0.0017023215717992812
1324.0,0.005724948591137036
1325.0,0.0025161795740968884
1326.0,0.0133716470911871
1327.0,0.009269975654118134
1328.0,0.00615952766426453
1329.0,-0.005794198642450343
1330.0,0.002349971148447594
1331.0,0.015193906637911425
1332.0,0.008450369029575633
1333.0,0.02063047695396225
1334.0,0.006549593432789713
1335.0,0.002118110697835185
1336.0,-0.004255126335683812
1337.0,-0.019411191106362136
1338.0,-0.011695968129892265
1339.0,-0.0017387443344518694
1340.0,0.01753571163475076
1341.0,0.014264220805166872
1342.0,0.007655764622755967
1343.0,0.012059597663069965
1344.0,0.005995830820757497
1345.0,0.006377468527860586
1346.0,0.008864842508886639
1347.0,-0.0034725889774711582
1348.0,-0.00777680577104034
1349.0,0.0015692559824120877
1350.0,0.0006766814158076784
1351.0,-0.007953392870410081
1352.0,-0.004272586410569712
1353.0,0.0012564957080929418
1354.0,0.012363269166413282
1355.0,0.007515077799777892
1356.0,-0.004227137809513781
1357.0,-0.016882322195697075
1358.0,-0.0133142873915304
1359.0,0.00040223644981463025
1360.0,0.007071581579429775
1361.0,-0.00041975275132388745
1362.0,0.0030420893045013386
1363.0,0.018688032346108052
1364.0,0.018360240882229206
1365.0,0.0028584204224779697
1366.0,0.011438724368679765
1367.0,0.011193841695180673
1368.0,0.002999771193326062
1369.0,-0.005079824900888763
1370.0,-0.001209129113359797
1371.0,0.0024898926772776164
1372.0,-0.002910633544883634
1373.0,0.0024904785074220115
1374.0,0.0032490136268714664
1375.0,0.01190310110931403
1376.0,-0.0032645102855277663
1377.0,0.004927676653947444
1378.0,0.007172697170796383
1379.0,-0.003915514756038796
1380.0,0.002748275135906475
1381.0,0.004266358615283572
1382.0,0.003163225157609695
1383.0,0.008094816820514161
1384.0,-0.012148902212871793
1385.0,-0.0035171814302281668
1386.0,-0.002820896868800382
1387.0,0.015036019266121414
1388.0,0.014218174156366281
1389.0,0.011764861194185627
1390.0,0.006509484137984245
1391.0,-0.006242983654256573
1392.0,-0.011502243883754204
1393.0,-0.006746066290206354
1394.0,0.0007903764970906835
1395.0,0.012363079297998958
1396.0,0.0008071730901137997
1397.0,-0.012227307023895406
1398.0,-0.00025299554431423843
1399.0,-0.00039319703118767535
1400.0,-0.0027494184017884393
1401.0,-0.00854274784478637
1402.0,0.012598963742562752
1403.0,0.009735684958465107
1404.0,-0.0011616679354986559
1405.0,-0.00873668961505647
1406.0,0.0078138259975713
1407.0,0.019696766165875346
1408.0,0.00975446216345599
1409.0,-0.0062514992754580945
1410.0,0.006393807579652133
1411.0,0.007791770087566263
1412.0,-0.0002481700029210998
1413.0,-0.005895603386918413
1414.0,-0.00508598537503957
1415.0,0.008477148175209948
1416.0,0.003831988285365462
1417.0,-0.012440348093374354
1418.0,0.0032896560565065514
1419.0,-0.011530655319857974
1420.0,0.006620037725482142
1421.0,-0.00017999495219633843
1422.0,0.0012643350300978184
1423.0,0.007230261851671749
1424.0,0.010942086408110008
1425.0,-0.0019323750507926896
1426.0,-0.006124242524427892
1427.0,-0.006197580972209238
1428.0,-0.01045319627198893
1429.0,0.008834955026717495
1430.0,0.012454409192166338
1431.0,0.015024423177578683
1432.0,0.007374740471153274
1433.0,-0.013509679070420333
1434.0,-0.013855005933012254
1435.0,-0.0013829568314727148
1436.0,0.004347439822711685
1437.0,-0.00109599505174085
1438.0,-0.00871855467467375
1439.0,0.002909236389658787
1440.0,0.02074658965227183
1441.0,0.004692801519552425
1442.0,-0.00801093725198987
1443.0,-0.005579670436464124
1444.0,-0.005943302712674292
1445.0,-0.003851351628527677
1446.0,0.007067213301676922
1447.0,0.01271027801604152
1448.0,0.008332726471533825
1449.0,-0.005492858173119508
1450.0,-0.0019124084068078417
1451.0,-0.002274138720916863
1452.0,-0.005282131948822766
1453.0,-0.011209244850485245
1454.0,-0.0019849728355736396
1455.0,0.01685438237863046
1456.0,0.003440724134553541
1457.0,-0.013844435892289564
1458.0,-0.01016455370902447
1459.0,0.0046145362109717425
1460.0,0.013531267720328088
1461.0,0.014922597756883427
1462.0,-0.010903360827247965
1463.0,-0.002180683284160878
1464.0,0.006234319015430145
1465.0,0.0030317404748281263
1466.0,-0.0045913405849917766
1467.0,-0.007369313242260311
1468.0,0.005161303256504546
1469.0,-0.002775779929942157
1470.0,-0.002975361998567294
1471.0,-0.00869708247024592
1472.0,-0.008081188266269024
1473.0,0.003551019921150811
1474.0,0.011080669123706421
1475.0,0.012283640590053935
1476.0,0.00808679823463887
1477.0,0.007807135512538643
1478.0,-0.004147648277237348
1479.0,-0.005607517696595288
1480.0,0.0016865604522031674
1481.0,0.01827236492915496
1482.0,0.022222858193576833
1483.0,-0.00262168337022306
1484.0,-0.008189151757336255
1485.0,-0.008941058991212003
1486.0,-0.005001523346088721
1487.0,0.0010247628956472354
1488.0,-0.0049768423052709565
1489.0,0.0007800155696413569
1490.0,0.004963740288959073
1491.0,0.012237810056445753
1492.0,0.011178474821966766
1493.0,-0.011275006715831815
1494.0,-0.006596177302458095
1495.0,-0.010128813362448863
1496.0,-0.015104478410048472
1497.0,0.0006820992788458824
1498.0,-0.007669663731513232
1499.0,-0.005724785743521643
1500.0,0.009881825142086242
1501.0,0.005402203750990431
1502.0,-0.009190979212483352
1503.0,0.005319893051147773
1504.0,0.014038401580900306
1505.0,0.007286245121944646
1506.0,0.00488092546330865
1507.0,0.0014462543318805032
1508.0,-0.01798408513954186
1509.0,-0.006939633921516641
1510.0,-0.007334309879498679
1511.0,0.0007019277963138393
1512.0,0.007805592570218067
1513.0,0.011492796095016189
1514.0,0.010456764110293726
1515.0,0.0008017356048384272
1516.0,-0.012023413236634806
1517.0,-0.014370137958807927
1518.0,0.004365681308646785
1519.0,0.001457037092857938
1520.0,-0.0013024584626419866
1521.0,-0.0008299588006521752
1522.0,-0.007973339804074886
1523.0,0.00421567266921663
1524.0,-0.004538105597606812
1525.0,-0.019705747268097262
1526.0,-0.007852055001460467
1527.0,0.004808075199673745
1528.0,0.006670724742399159
1529.0,0.005584360200128202
1530.0,0.008618151242352212
1531.0,0.001935593901838395
1532.0,0.006651303988141066
1533.0,0.014169332414448732
1534.0,-0.000876258481641301
1535.0,-0.008838476133397055
1536.0,-0.004242839602865978
1537.0,0.004485180944766576
1538.0,-0.003966186340220723
1539.0,0.004512691797389223
1540.0,0.004288644756123006
1541.0,-0.021370359536350136
1542.0,-0.012238776615645097
1543.0,0.011795987592351231
1544.0,0.01178804534101463
1545.0,0.005707213330023997
1546.0,0.007516488775127783
1547.0,0.014737169949574636
1548.0,-0.008272652405412195
1549.0,-0.01110551523837211
1550.0,-0.009179764037887672
1551.0,-0.010162190116049796
1552.0,-0.0048671163463254175
1553.0,0.004349667745064956
1554.0,0.001630470643925186
1555.0,-0.010663438139717485
1556.0,0.00016080531409112808
1557.0,0.007610903254002821
1558.0,0.014856295469036773
1559.0,0.010841473769036547
1560.0,-0.004355653659136038
1561.0,0.008512512293656904
1562.0,-0.002706443814619597
1563.0,-0.013355700315660357
1564.0,0.0031284915590656937
1565.0,0.0042733306712694485
1566.0,-0.0033983266732717787
1567.0,-0.004842436872067868
1568.0,-0.00912588686682314
1569.0,0.000964119105897332
1570.0,-0.006549343107256078
1571.0,-0.0004247004745216998
1572.0,0.007503399191950422
1573.0,0.009657703593419775
1574.0,-0.0037554529833760952
1575.0,-0.00538901463138064
1576.0,-0.01347597306138315
1577.0,-0.009614223491820617
1578.0,0.011597289418490142
1579.0,0.012426763208530645
1580.0,0.011016502271781192
1581.0,0.007062702422739875
1582.0,-0.0034016820047577667
1583.0,-0.014298460660864265
1584.0,-0.008857723948625384
1585.0,0.0016513951880492428
1586.0,0.0066844530272414104
1587.0,0.0057449627297234684
1588.0,-0.00439014246400804
1589.0,-0.004431823728401341
1590.0,-0.01356456120140015
1591.0,-0.008540295544816612
1592.0,0.015827789514699653
1593.0,0.010722436954151426
1594.0,-0.008121417134159259
1595.0,-0.0026175805584727208
1596.0,-0.010820168609566583
1597.0,-0.004226353196365995
1598.0,-0.004155265856338186
1599.0,0.006733372683593863
1600.0,0.013294516149899849
1601.0,-0.00412727795169765
1602.0,-0.012085892484750005
1603.0,-0.009542316173540843
1604.0,0.0007980439294863473
1605.0,0.005694603958423805
1606.0,-0.00817832300051169
1607.0,-0.016023487140410797
1608.0,-0.002866496044995337
1609.0,0.018929183759812673
1610.0,-0.0016680796397827713
1611.0,-0.006460376821884051
1612.0,-0.007912145718695918
1613.0,-0.008238955297708017
1614.0,0.007117000455436617
1615.0,-0.0044991840764208035
1616.0,-0.012391107313713956
1617.0,-0.0072548429570828965
1618.0,0.0084698132570038
1619.0,0.01124173868979117
1620.0,0.004935374343553178
1621.0,0.00015083266154736208
1622.0,-0.005325917185978746
1623.0,0.00950108865592103
1624.0,-0.012629248534270499
1625.0,0.003399161190840161
1626.0,-0.02073844015683335
1627.0,-0.021924161201989367
1628.0,-0.0014646385418415342
1629.0,0.011235741220056994
1630.0,0.010672077067503949
1631.0,0.0032479647906935583
1632.0,0.005546519255590354
1633.0,-0.0018713238451018022
1634.0,0.0037889234249277592
1635.0,0.0019221221146992207
1636.0,-0.002619022504881663
1637.0,0.0007042822389946579
1638.0,-0.017585688644501385
1639.0,-0.010052856395046383
1640.0,-0.004162400972795854
1641.0,0.002816648586367876
1642.0,0.001806884112931506
1643.0,-0.003767148868756287
1644.0,-0.006402836462480188
1645.0,-0.0029007420262794348
1646.0,-0.0068538588158717495
1647.0,-0.0026956891213436585
1648.0,0.0038242242821251438
1649.0,0.01110529644110514
1650.0,0.00205035018836508
1651.0,-0.0037073577327473295
1652.0,-0.010542602415151148
1653.0,-0.0040347242834215535
1654.0,0.004313148394707866
1655.0,0.002817673096178197
1656.0,0.003980445280489242
1657.0,-0.0017762722526581953
1658.0,0.0015627644103055616
1659.0,0.0008731694828112424
1660.0,-0.012103434761960852
1661.0,-0.0005201304745372504
1662.0,-0.005880414838872472
1663.0,-0.0008441568182138148
1664.0,-0.014062273478532283
1665.0,-0.0014241959542293792
1666.0,-0.003932555623789025
1667.0,0.0019923802370858112
1668.0,0.012698680516933791
1669.0,0.007966916115074163
1670.0,-0.007116746614921343
1671.0,-0.001309622002196864
1672.0,0.01438421142704538
1673.0,0.0030734255775577424
1674.0,0.0038509510132733737
1675.0,-0.006249625814465087
1676.0,-0.02044584180954212
1677.0,-0.014294895099771221
1678.0,-0.016428001583332907
1679.0,0.004847043848021926
1680.0,0.012868100611647115
1681.0,0.011411121903646126
1682.0,0.008096048459238503
1683.0,0.0027142580514905035
1684.0,-0.0005605490978255467
1685.0,-0.01933789863544977
1686.0,0.0023158427978486884
1687.0,-0.012614454262069863
1688.0,-0.010742609561216199
1689.0,-0.0034695391943118103
1690.0,0.009945995180955514
1691.0,0.01735382586987466
1692.0,0.005995405183232272
1693.0,-0.010913021919527477
1694.0,-0.012599557023027508
1695.0,-0.005116038837031933
1696.0,-0.013659568228638896
1697.0,-0.01357460054756121
1698.0,0.0026173973898391267
1699.0,0.0002057008102251956
1700.0,0.013164031140728838
1701.0,0.008198131412129328
1702.0,-0.0028811745171730685
1703.0,-0.010955201260347547
1704.0,-0.00217196993875568
1705.0,-0.0006965128884184324
1706.0,0.0018865480745988705
1707.0,0.00940742149963647
1708.0,-0.0031640818588063446
1709.0,0.01180989088660045
1710.0,0.0009367890445499683
1711.0,-0.007427006757165788
1712.0,-0.0042719584771311325
1713.0,0.003077373788409332
1714.0,3.0032534366064567e-05
1715.0,0.0027820460280958415
1716.0,-0.002396834819664573
1717.0,-0.006161317006552203
1718.0,0.011775435703067494
1719.0,-0.0027532725887180476
1720.0,-0.0020803410014247348
1721.0,-0.012684247285343897
1722.0,-0.002673558447543467
1723.0,0.0069812514345724
1724.0,0.006468191867035067
1725.0,-0.006405201337449373
1726.0,0.0030526453727608427
1727.0,-0.000903272443228964
1728.0,-0.006990820466692416
1729.0,0.00809706765787066
1730.0,-0.007307778703888879
1731.0,4.0611621145991705e-05
1732.0,0.004083621630339707
1733.0,-0.009570262015474729
1734.0,-0.018065056781519928
1735.0,-0.009407214166832212
1736.0,-0.003162784999599655
1737.0,-0.0070687935873392505
1738.0,0.009637404356661605
1739.0,0.004563442568841225
1740.0,0.00841527527462027
1741.0,0.0002472558413746384
1742.0,-0.0012606696743056034
1743.0,-0.008522215666562083
1744.0,-0.0028536464248474225
1745.0,-0.0018786212805643743
1746.0,0.0014450139912236537
1747.0,-0.0028541965126560598
1748.0,0.00011876884013606315
1749.0,0.0037362100243232277
1750.0,-0.0052268324855941906
1751.0,-0.009204649015199795
1752.0,0.005129333045825746
1753.0,0.006001969133428986
1754.0,0.002199302786340951
1755.0,0.01277877008689643
1756.0,0.011370371861691986
1757.0,-0.011422359394837045
1758.0,-0.0014018712423835566
1759.0,-0.01640093540348886
1760.0,-0.01455041731811546
1761.0,-0.00020996598688372003
1762.0,0.004280984825113521
1763.0,0.014244135873942021
1764.0,0.009622446943633456
1765.0,-0.003734616515485012
1766.0,-0.00406544508843476
1767.0,-0.00919802570414685
1768.0,0.01024461853310843
1769.0,0.011921312564924236
1770.0,-0.007882809514623279
1771.0,-0.013411096766373642
1772.0,0.0038989483921447743
1773.0,-0.007142985462855744
1774.0,-0.011933441372575793
1775.0,-0.011535094342054464
1776.0,0.006510393912639856
1777.0,0.014139129361456781
1778.0,0.007757902273692885
1779.0,-0.0015045461473617294
1780.0,0.0003647136615647639
1781.0,-0.0010851125772526338
1782.0,-0.0003685630675720475
1783.0,-0.006784972393065747
1784.0,-0.0042883591268561005
1785.0,0.010594843303306511
1786.0,0.006159513002219619
1787.0,0.005447325958454208
1788.0,-0.0024130383152365376
1789.0,-0.012922274877793516
1790.0,9.292839062258196e-05
1791.0,0.0030610932507713073
1792.0,9.657159149689676e-05
1793.0,0.0008082515703122795
1794.0,0.008417858837517223
1795.0,0.014689886802736751
1796.0,0.017743208029776802
1797.0,-0.009892117145722246
1798.0,-0.010696387088526826
1799.0,-0.00923317007329505
